{"type": "averaged", "num_runs": 5, "generations": 150, "avg_convergence": [3860.5, 3463.0, 3179.5, 2957.0, 2783.5, 2620.25, 2475.0, 2350.25, 2245.25, 2156.0, 2054.0, 1988.75, 1934.0, 1883.75, 1820.0, 1775.25, 1737.5, 1704.5, 1674.75, 1648.5, 1633.75, 1617.5, 1607.25, 2067.75, 2115.559523809524, 2257.6973684210525, 2020.5, 1877.25, 1774.0, 1722.5, 1670.5, 1880.25, 1792.5, 2205.75, 2263.416666666667, 2372.75, 2143.25, 1967.5, 1860.0, 1770.0, 1706.0, 1931.0, 1792.0, 2287.0, 2263.6029411764707, 2448.287878787879, 2178.0, 1984.0, 1846.25, 1762.5, 1681.5, 1919.5, 1808.0, 2307.25, 2317.861111111111, 2467.2142857142853, 2176.75, 2004.5, 1878.5, 1779.75, 1695.0, 1954.25, 1823.25, 2314.0, 2316.375, 2543.25, 2289.0, 2078.5, 1934.75, 1831.5, 1742.75, 2005.0, 1852.0, 2464.75, 2465.7941176470586, 2609.772727272727, 2323.5, 2101.25, 1941.5, 1822.0, 1734.25, 2025.0, 1878.0, 2453.75, 2343.75, 2536.2368421052633, 2309.2941176470586, 2070.75, 1910.5, 1800.75, 1720.75, 1993.25, 1860.0, 2403.25, 2267.25, 2529.0, 2307.416666666667, 2092.0, 1947.0, 1831.0, 1744.5, 2014.75, 1866.5, 2395.0, 2403.3571428571427, 2577.95, 2354.5, 2107.0, 1962.5, 1834.25, 1739.0, 2019.75, 1867.5, 2449.5, 2379.3076923076924, 2596.108695652174, 2349.0, 2107.0, 1960.25, 1819.25, 1744.75, 2036.75, 1890.0, 2476.25, 2356.75, 2519.684210526316, 2326.277777777778, 2132.75, 1984.5, 1865.25, 1776.5, 2029.0, 1901.25, 2449.5, 2360.416666666667, 2536.840909090909, 2337.25, 2127.0, 1977.25, 1861.75, 1766.75, 2041.25, 1909.0, 2418.0, 2376.9642857142853, 2546.7685185185187, 2295.5, 2061.25, 1911.75, 1827.25, 1746.75], "std_convergence": [113.04202758266503, 140.08167260566245, 175.27228816900862, 178.16881040182088, 183.22015445905507, 167.37009888268574, 161.35171210743317, 159.51371414395692, 159.72515456245458, 150.9623297382496, 156.7509968070379, 141.50530025408943, 140.3286321461162, 126.18934186372476, 110.2752238719106, 112.73142862573862, 109.26744711944175, 104.92437752972376, 107.32660434393702, 111.15698358627766, 110.56389555365712, 118.08630318542451, 115.4810590529893, 670.3764800468465, 557.8109605805216, 482.640310143143, 351.87764208599555, 276.96051162575503, 234.82626556669507, 211.03465355244384, 190.21796707987392, 332.1703252850862, 221.02460270295703, 627.7442751630635, 526.6159917603887, 414.5369404528383, 298.9613269304242, 244.81242819758967, 211.3867900319223, 192.8649138646011, 178.47338737189924, 407.93642274256416, 215.19845492010393, 718.5160923737199, 503.80600524106006, 418.37456265720107, 274.80288390044234, 217.46752631140126, 180.1995421747791, 164.46314176738812, 158.2272890496453, 416.9004677378043, 268.689644385488, 738.7990254460275, 553.5259147245094, 427.91475882040635, 297.0633349977745, 237.93460235955592, 217.52212531142666, 194.86758324564914, 181.5626613596529, 479.5333669308112, 284.8514963976844, 743.78693185616, 565.4216347116547, 519.699793149853, 411.9317297805548, 327.217817363297, 270.6686165775412, 232.65371262887683, 200.90482821475447, 481.87913422351045, 277.1344439076457, 861.9452563823296, 619.5789786029248, 503.78514068519985, 385.52026535579165, 293.40351906546726, 231.6468216919887, 190.6806885869673, 181.28637566016923, 527.7990858271735, 336.2593864860876, 830.7026393361225, 543.5899189646548, 389.2658838430356, 327.1370469563933, 248.3616314972987, 201.6410796440051, 185.6232744027537, 168.46475892601396, 506.4666820236056, 337.07009656746476, 791.6922539724637, 553.4993224928103, 459.53264301896985, 371.3666015917126, 307.5128046114503, 266.4413631551978, 219.83715564026022, 192.52856930855742, 473.4655478490489, 258.81629585480124, 768.7892266414768, 600.245330371385, 527.101090873468, 488.7980155442532, 363.1464924792748, 291.9043079503966, 235.91391438403966, 189.664835960702, 496.16869611050635, 285.6013392825741, 794.1656785583219, 541.8830183917021, 485.86487036930254, 377.3662014542373, 296.47154163595536, 230.41050323281706, 195.4779399318501, 166.81464264266492, 544.9154750968264, 342.5684238221614, 810.1654923532599, 514.4837218027408, 442.31066148171, 380.04550572234507, 324.95711255487237, 261.9787682236864, 218.5025743555439, 188.88720178985128, 482.04991961414123, 304.7673292858012, 783.6698922377967, 532.4699391619316, 485.8300407677532, 458.7076955970981, 350.60447800905223, 278.9034331090243, 233.5066915529403, 205.57632402589556, 477.73227334983346, 300.0774899921685, 770.4546547331647, 560.0955640034355, 531.6293190308672, 404.5356906380449, 311.858341238454, 239.06667480014858, 204.40523476662725, 184.286800938103], "best_restart_generations": [30, 40, 50, 60, 70, 80, 90, 100, 110, 120, 130, 140], "best_fitness": 1270.0, "best_final_population": [1270.0, 1270.0, 1270.0, 1270.0, 1270.0, 1270.0, 1270.0, 1270.0, 1270.0, 1320.0, 1320.0, 1320.0, 1320.0, 1320.0, 1320.0, 1320.0, 1370.0, 1420.0, 1470.0, 1470.0, 1470.0, 1470.0, 1470.0, 1470.0, 1470.0, 1470.0, 1470.0, 1470.0, 1470.0, 1470.0, 1470.0, 1470.0, 1470.0, 1470.0, 1470.0, 1470.0, 1470.0, 1470.0, 1470.0, 1470.0], "elite_set": [{"rank": 1, "fitness": 1270.0, "unassigned": 2}, {"rank": 2, "fitness": 1270.0, "unassigned": 2}, {"rank": 3, "fitness": 1270.0, "unassigned": 2}, {"rank": 4, "fitness": 1270.0, "unassigned": 2}, {"rank": 5, "fitness": 1270.0, "unassigned": 2}]}