{"type": "averaged", "num_runs": 5, "generations": 150, "avg_convergence": [202994.0, 202424.0, 202304.0, 202234.0, 202204.0, 202144.0, 202034.0, 201924.0, 201864.0, 201754.0, 201754.0, 201664.0, 201614.0, 201604.0, 201604.0, 201574.0, 201544.0, 201544.0, 201544.0, 201544.0, 201544.0, 201544.0, 201544.0, 201544.0, 201544.0, 201514.0, 201504.0, 201504.0, 201504.0, 201504.0, 201504.0, 201504.0, 201504.0, 201504.0, 201504.0, 201504.0, 201504.0, 201504.0, 201504.0, 201504.0, 201504.0, 201504.0, 201504.0, 201504.0, 201504.0, 201504.0, 201504.0, 201504.0, 201504.0, 201504.0, 201504.0, 201504.0, 201504.0, 201504.0, 201504.0, 201504.0, 201504.0, 201504.0, 201504.0, 201504.0, 201504.0, 201504.0, 201504.0, 201504.0, 201504.0, 201504.0, 201504.0, 201504.0, 201504.0, 201504.0, 201504.0, 201504.0, 201504.0, 201504.0, 201504.0, 201504.0, 201504.0, 201504.0, 201504.0, 201504.0, 201504.0, 201504.0, 201504.0, 201504.0, 201504.0, 201504.0, 201504.0, 201504.0, 201504.0, 201504.0, 201504.0, 201504.0, 201504.0, 201504.0, 201504.0, 201504.0, 201504.0, 201504.0, 201504.0, 201504.0, 201504.0, 201504.0, 201504.0, 201504.0, 201504.0, 201504.0, 201504.0, 201504.0, 201504.0, 201504.0, 201504.0, 201504.0, 201504.0, 201504.0, 201504.0, 201504.0, 201504.0, 201504.0, 201504.0, 201504.0, 201504.0, 201504.0, 201504.0, 201504.0, 201504.0, 201504.0, 201504.0, 201504.0, 201504.0, 201504.0, 201504.0, 201504.0, 201504.0, 201504.0, 201504.0, 201504.0, 201504.0, 201504.0, 201504.0, 201504.0, 201504.0, 201504.0, 201504.0, 201504.0, 201504.0, 201504.0, 201504.0, 201504.0, 201504.0, 201504.0, 201504.0], "std_convergence": [399728.0779029664, 400013.11006515776, 400073.04481056955, 400108.049836541, 400048.0498440156, 400078.0382175458, 400108.0265928191, 400088.0513387022, 400043.0645618044, 400098.0087228628, 400098.0087228628, 400043.00831785577, 400068.0228461155, 400073.0285635361, 400073.0285635361, 400013.02856782055, 400028.03709740145, 400028.03709740145, 400028.03709740145, 400028.03709740145, 400028.03709740145, 400028.03709740145, 400028.03709740145, 400028.03709740145, 400028.03709740145, 400043.0240661622, 400048.0288465374, 400048.0288465374, 400048.0288465374, 400048.0288465374, 400048.0288465374, 400048.0288465374, 400048.0288465374, 400048.0288465374, 400048.0288465374, 400048.0288465374, 400048.0288465374, 400048.0288465374, 400048.0288465374, 400048.0288465374, 400048.0288465374, 400048.0288465374, 400048.0288465374, 400048.0288465374, 400048.0288465374, 400048.0288465374, 400048.0288465374, 400048.0288465374, 400048.0288465374, 400048.0288465374, 400048.0288465374, 400048.0288465374, 400048.0288465374, 400048.0288465374, 400048.0288465374, 400048.0288465374, 400048.0288465374, 400048.0288465374, 400048.0288465374, 400048.0288465374, 400048.0288465374, 400048.0288465374, 400048.0288465374, 400048.0288465374, 400048.0288465374, 400048.0288465374, 400048.0288465374, 400048.0288465374, 400048.0288465374, 400048.0288465374, 400048.0288465374, 400048.0288465374, 400048.0288465374, 400048.0288465374, 400048.0288465374, 400048.0288465374, 400048.0288465374, 400048.0288465374, 400048.0288465374, 400048.0288465374, 400048.0288465374, 400048.0288465374, 400048.0288465374, 400048.0288465374, 400048.0288465374, 400048.0288465374, 400048.0288465374, 400048.0288465374, 400048.0288465374, 400048.0288465374, 400048.0288465374, 400048.0288465374, 400048.0288465374, 400048.0288465374, 400048.0288465374, 400048.0288465374, 400048.0288465374, 400048.0288465374, 400048.0288465374, 400048.0288465374, 400048.0288465374, 400048.0288465374, 400048.0288465374, 400048.0288465374, 400048.0288465374, 400048.0288465374, 400048.0288465374, 400048.0288465374, 400048.0288465374, 400048.0288465374, 400048.0288465374, 400048.0288465374, 400048.0288465374, 400048.0288465374, 400048.0288465374, 400048.0288465374, 400048.0288465374, 400048.0288465374, 400048.0288465374, 400048.0288465374, 400048.0288465374, 400048.0288465374, 400048.0288465374, 400048.0288465374, 400048.0288465374, 400048.0288465374, 400048.0288465374, 400048.0288465374, 400048.0288465374, 400048.0288465374, 400048.0288465374, 400048.0288465374, 400048.0288465374, 400048.0288465374, 400048.0288465374, 400048.0288465374, 400048.0288465374, 400048.0288465374, 400048.0288465374, 400048.0288465374, 400048.0288465374, 400048.0288465374, 400048.0288465374, 400048.0288465374, 400048.0288465374, 400048.0288465374, 400048.0288465374, 400048.0288465374, 400048.0288465374, 400048.0288465374, 400048.0288465374], "best_restart_generations": [22, 35, 45, 55, 65, 75, 85, 95, 105, 115, 125, 135, 145], "best_fitness": 1270.0, "best_final_population": [1270.0, 1270.0, 1270.0, 1270.0, 1270.0, 1270.0, 1320.0, 1520.0, 1620.0, 1670.0, 1770.0, 1820.0, 1870.0, 1870.0, 1870.0, 1920.0, 1970.0, 1970.0, 1970.0, 1970.0, 2020.0, 2020.0, 2020.0, 2020.0, 2020.0, 2020.0, 2070.0, 2070.0, 2070.0, 2170.0, 2220.0, 2220.0, 2220.0, 2270.0, 2320.0, 2320.0, 2320.0, 2320.0, 2320.0, 2320.0], "elite_set": [{"rank": 1, "fitness": 1270.0, "unassigned": 2}, {"rank": 2, "fitness": 1270.0, "unassigned": 2}, {"rank": 3, "fitness": 1270.0, "unassigned": 2}, {"rank": 4, "fitness": 1270.0, "unassigned": 2}, {"rank": 5, "fitness": 1270.0, "unassigned": 2}]}